node,neighbor,mode,mode_type,capacity_kg,cost,co2_kg,time_hours,distance_km,effective_speed_kmh,road_class,lanes,speed_limit_kmh,max_speed_kmh,avg_slope_pct,max_slope_pct,morning_congestion_pct,offpeak_congestion_pct,morning_avg_speed_kmh,offpeak_avg_speed_kmh,avg_curvature_deg_km,max_curvature_deg
S0,5,truck,small,350,0.01,0.0,0.0001,0.005,50.0,service,1,50.0,50.0,0.0,0.0,0.0,0.0,50.0,50.0,0.0,0.0
S0,5,truck,medium,1000,0.01,0.0,0.0001,0.005,50.0,service,1,50.0,50.0,0.0,0.0,0.0,0.0,50.0,50.0,0.0,0.0
S0,5,truck,heavy,4000,0.01,0.0,0.0001,0.005,50.0,service,1,50.0,50.0,0.0,0.0,0.0,0.0,50.0,50.0,0.0,0.0
S1,20,truck,small,350,0.12,0.01,0.002,0.098,50.0,service,1,50.0,50.0,0.0,0.0,0.0,0.0,50.0,50.0,515.33,13.74
S1,20,truck,medium,1000,0.18,0.02,0.002,0.098,50.0,service,1,50.0,50.0,0.0,0.0,0.0,0.0,50.0,50.0,515.33,13.74
S1,20,truck,heavy,4000,0.24,0.04,0.002,0.098,50.0,service,1,50.0,50.0,0.0,0.0,0.0,0.0,50.0,50.0,515.33,13.74
5,6,truck,small,350,5.76,0.72,0.096,4.801,50.0,service,1,50.0,50.0,0.0,0.0,0.0,0.0,50.0,50.0,176.51,178.25
5,6,truck,medium,1000,8.64,1.2,0.096,4.801,50.0,service,1,50.0,50.0,0.0,0.0,0.0,0.0,50.0,50.0,176.51,178.25
5,6,truck,heavy,4000,12.0,1.92,0.096,4.801,50.0,service,1,50.0,50.0,0.0,0.0,0.0,0.0,50.0,50.0,176.51,178.25
6,23,truck,small,350,7.05,0.88,0.1174,5.872,50.0,secondary,1,50.0,50.0,0.0,0.0,0.0,0.0,50.0,50.0,146.18,84.78
6,23,truck,medium,1000,10.57,1.47,0.1174,5.872,50.0,secondary,1,50.0,50.0,0.0,0.0,0.0,0.0,50.0,50.0,146.18,84.78
6,23,truck,heavy,4000,14.68,2.35,0.1174,5.872,50.0,secondary,1,50.0,50.0,0.0,0.0,0.0,0.0,50.0,50.0,146.18,84.78
6,69,truck,small,350,0.57,0.07,0.0095,0.474,50.0,tertiary,1,50.0,50.0,0.0,0.0,0.0,0.0,50.0,50.0,382.26,72.14
6,69,truck,medium,1000,0.85,0.12,0.0095,0.474,50.0,tertiary,1,50.0,50.0,0.0,0.0,0.0,0.0,50.0,50.0,382.26,72.14
6,69,truck,heavy,4000,1.19,0.19,0.0095,0.474,50.0,tertiary,1,50.0,50.0,0.0,0.0,0.0,0.0,50.0,50.0,382.26,72.14
7,25,truck,small,350,2.64,0.33,0.044,2.202,50.0,secondary,1,50.0,50.0,0.0,0.0,0.0,0.0,50.0,50.0,88.05,17.78
7,25,truck,medium,1000,3.96,0.55,0.044,2.202,50.0,secondary,1,50.0,50.0,0.0,0.0,0.0,0.0,50.0,50.0,88.05,17.78
7,25,truck,heavy,4000,5.5,0.88,0.044,2.202,50.0,secondary,1,50.0,50.0,0.0,0.0,0.0,0.0,50.0,50.0,88.05,17.78
7,73,truck,small,350,0.68,0.09,0.0114,0.57,50.0,secondary,1,50.0,50.0,0.0,0.0,0.0,0.0,50.0,50.0,175.19,14.44
7,73,truck,medium,1000,1.03,0.14,0.0114,0.57,50.0,secondary,1,50.0,50.0,0.0,0.0,0.0,0.0,50.0,50.0,175.19,14.44
7,73,truck,heavy,4000,1.42,0.23,0.0114,0.57,50.0,secondary,1,50.0,50.0,0.0,0.0,0.0,0.0,50.0,50.0,175.19,14.44
8,9,truck,small,350,1.5,0.19,0.0249,1.246,50.0,secondary,1,50.0,50.0,0.0,0.0,0.0,0.0,50.0,50.0,87.15,33.85
8,9,truck,medium,1000,2.24,0.31,0.0249,1.246,50.0,secondary,1,50.0,50.0,0.0,0.0,0.0,0.0,50.0,50.0,87.15,33.85
8,9,truck,heavy,4000,3.12,0.5,0.0249,1.246,50.0,secondary,1,50.0,50.0,0.0,0.0,0.0,0.0,50.0,50.0,87.15,33.85
9,10,truck,small,350,1.04,0.13,0.0173,0.865,50.0,living_street,1,50.0,50.0,0.0,0.0,0.0,0.0,50.0,50.0,805.38,91.85
9,10,truck,medium,1000,1.56,0.22,0.0173,0.865,50.0,living_street,1,50.0,50.0,0.0,0.0,0.0,0.0,50.0,50.0,805.38,91.85
9,10,truck,heavy,4000,2.16,0.35,0.0173,0.865,50.0,living_street,1,50.0,50.0,0.0,0.0,0.0,0.0,50.0,50.0,805.38,91.85
9,27,truck,small,350,0.62,0.08,0.0103,0.517,50.0,living_street,1,50.0,50.0,0.0,0.0,0.0,0.0,50.0,50.0,543.17,79.08
9,27,truck,medium,1000,0.93,0.13,0.0103,0.517,50.0,living_street,1,50.0,50.0,0.0,0.0,0.0,0.0,50.0,50.0,543.17,79.08
9,27,truck,heavy,4000,1.29,0.21,0.0103,0.517,50.0,living_street,1,50.0,50.0,0.0,0.0,0.0,0.0,50.0,50.0,543.17,79.08
10,11,truck,small,350,1.66,0.21,0.0277,1.385,50.0,residential,1,50.0,50.0,0.0,0.0,0.0,0.0,50.0,50.0,96.96,47.9
10,11,truck,medium,1000,2.49,0.35,0.0277,1.385,50.0,residential,1,50.0,50.0,0.0,0.0,0.0,0.0,50.0,50.0,96.96,47.9
10,11,truck,heavy,4000,3.46,0.55,0.0277,1.385,50.0,residential,1,50.0,50.0,0.0,0.0,0.0,0.0,50.0,50.0,96.96,47.9
11,28,truck,small,350,1.32,0.17,0.0221,1.103,50.0,secondary,1,50.0,50.0,0.0,0.0,0.0,0.0,50.0,50.0,62.73,10.13
11,28,truck,medium,1000,1.99,0.28,0.0221,1.103,50.0,secondary,1,50.0,50.0,0.0,0.0,0.0,0.0,50.0,50.0,62.73,10.13
11,28,truck,heavy,4000,2.76,0.44,0.0221,1.103,50.0,secondary,1,50.0,50.0,0.0,0.0,0.0,0.0,50.0,50.0,62.73,10.13
11,74,truck,small,350,7.73,0.97,0.1289,6.444,50.0,secondary,1,50.0,50.0,0.0,0.0,0.0,0.0,50.0,50.0,83.9,59.77
11,74,truck,medium,1000,11.6,1.61,0.1289,6.444,50.0,secondary,1,50.0,50.0,0.0,0.0,0.0,0.0,50.0,50.0,83.9,59.77
11,74,truck,heavy,4000,16.11,2.58,0.1289,6.444,50.0,secondary,1,50.0,50.0,0.0,0.0,0.0,0.0,50.0,50.0,83.9,59.77
12,13,truck,small,350,1.69,0.21,0.0281,1.407,50.0,secondary,1,50.0,50.0,0.0,0.0,0.0,0.0,50.0,50.0,194.23,77.88
12,13,truck,medium,1000,2.53,0.35,0.0281,1.407,50.0,secondary,1,50.0,50.0,0.0,0.0,0.0,0.0,50.0,50.0,194.23,77.88
12,13,truck,heavy,4000,3.52,0.56,0.0281,1.407,50.0,secondary,1,50.0,50.0,0.0,0.0,0.0,0.0,50.0,50.0,194.23,77.88
12,31,truck,small,350,0.75,0.09,0.0124,0.621,50.0,trunk,2,50.0,50.0,0.0,0.0,0.0,0.0,50.0,50.0,302.28,77.88
12,31,truck,medium,1000,1.12,0.16,0.0124,0.621,50.0,trunk,2,50.0,50.0,0.0,0.0,0.0,0.0,50.0,50.0,302.28,77.88
12,31,truck,heavy,4000,1.55,0.25,0.0124,0.621,50.0,trunk,2,50.0,50.0,0.0,0.0,0.0,0.0,50.0,50.0,302.28,77.88
13,32,truck,small,350,2.51,0.31,0.0418,2.091,50.0,secondary,1,50.0,50.0,0.0,0.0,0.0,0.0,50.0,50.0,266.93,42.47
13,32,truck,medium,1000,3.76,0.52,0.0418,2.091,50.0,secondary,1,50.0,50.0,0.0,0.0,0.0,0.0,50.0,50.0,266.93,42.47
13,32,truck,heavy,4000,5.23,0.84,0.0418,2.091,50.0,secondary,1,50.0,50.0,0.0,0.0,0.0,0.0,50.0,50.0,266.93,42.47
13,75,truck,small,350,1.13,0.14,0.0188,0.939,50.0,secondary,1,50.0,50.0,0.0,0.0,0.0,0.0,50.0,50.0,273.03,42.47
13,75,truck,medium,1000,1.69,0.23,0.0188,0.939,50.0,secondary,1,50.0,50.0,0.0,0.0,0.0,0.0,50.0,50.0,273.03,42.47
13,75,truck,heavy,4000,2.35,0.38,0.0188,0.939,50.0,secondary,1,50.0,50.0,0.0,0.0,0.0,0.0,50.0,50.0,273.03,42.47
14,33,truck,small,350,3.62,0.45,0.0603,3.013,50.0,secondary,1,50.0,50.0,0.0,0.0,0.0,0.0,50.0,50.0,203.42,83.67
14,33,truck,medium,1000,5.42,0.75,0.0603,3.013,50.0,secondary,1,50.0,50.0,0.0,0.0,0.0,0.0,50.0,50.0,203.42,83.67
14,33,truck,heavy,4000,7.53,1.21,0.0603,3.013,50.0,secondary,1,50.0,50.0,0.0,0.0,0.0,0.0,50.0,50.0,203.42,83.67
14,77,truck,small,350,0.5,0.06,0.0084,0.419,50.0,secondary,1,50.0,50.0,0.0,0.0,0.0,0.0,50.0,50.0,203.73,13.02
14,77,truck,medium,1000,0.75,0.1,0.0084,0.419,50.0,secondary,1,50.0,50.0,0.0,0.0,0.0,0.0,50.0,50.0,203.73,13.02
14,77,truck,heavy,4000,1.05,0.17,0.0084,0.419,50.0,secondary,1,50.0,50.0,0.0,0.0,0.0,0.0,50.0,50.0,203.73,13.02
15,16,truck,small,350,8.05,1.01,0.1341,6.707,50.0,primary,2,50.0,50.0,0.0,0.0,0.0,0.0,50.0,50.0,70.0,82.52
15,16,truck,medium,1000,12.07,1.68,0.1341,6.707,50.0,primary,2,50.0,50.0,0.0,0.0,0.0,0.0,50.0,50.0,70.0,82.52
15,16,truck,heavy,4000,16.77,2.68,0.1341,6.707,50.0,primary,2,50.0,50.0,0.0,0.0,0.0,0.0,50.0,50.0,70.0,82.52
15,34,truck,small,350,2.43,0.3,0.0404,2.022,50.0,primary,2,50.0,50.0,0.0,0.0,0.0,0.0,50.0,50.0,67.47,82.52
15,34,truck,medium,1000,3.64,0.51,0.0404,2.022,50.0,primary,2,50.0,50.0,0.0,0.0,0.0,0.0,50.0,50.0,67.47,82.52
15,34,truck,heavy,4000,5.05,0.81,0.0404,2.022,50.0,primary,2,50.0,50.0,0.0,0.0,0.0,0.0,50.0,50.0,67.47,82.52
16,17,truck,small,350,4.47,0.56,0.0745,3.726,50.0,primary,2,50.0,50.0,0.0,0.0,0.0,0.0,50.0,50.0,118.34,64.66
16,17,truck,medium,1000,6.71,0.93,0.0745,3.726,50.0,primary,2,50.0,50.0,0.0,0.0,0.0,0.0,50.0,50.0,118.34,64.66
16,17,truck,heavy,4000,9.31,1.49,0.0745,3.726,50.0,primary,2,50.0,50.0,0.0,0.0,0.0,0.0,50.0,50.0,118.34,64.66
17,37,truck,small,350,3.87,0.48,0.0646,3.228,50.0,primary,2,50.0,50.0,0.0,0.0,0.0,0.0,50.0,50.0,65.31,22.95
17,37,truck,medium,1000,5.81,0.81,0.0646,3.228,50.0,primary,2,50.0,50.0,0.0,0.0,0.0,0.0,50.0,50.0,65.31,22.95
17,37,truck,heavy,4000,8.07,1.29,0.0646,3.228,50.0,primary,2,50.0,50.0,0.0,0.0,0.0,0.0,50.0,50.0,65.31,22.95
17,78,truck,small,350,17.25,2.16,0.2875,14.375,50.0,primary,2,50.0,50.0,0.0,0.0,0.0,0.0,50.0,50.0,16.21,22.95
17,78,truck,medium,1000,25.88,3.59,0.2875,14.375,50.0,primary,2,50.0,50.0,0.0,0.0,0.0,0.0,50.0,50.0,16.21,22.95
17,78,truck,heavy,4000,35.94,5.75,0.2875,14.375,50.0,primary,2,50.0,50.0,0.0,0.0,0.0,0.0,50.0,50.0,16.21,22.95
18,39,truck,small,350,7.77,0.97,0.1296,6.479,50.0,secondary,1,50.0,50.0,0.0,0.0,0.0,0.0,50.0,50.0,70.27,48.27
18,39,truck,medium,1000,11.66,1.62,0.1296,6.479,50.0,secondary,1,50.0,50.0,0.0,0.0,0.0,0.0,50.0,50.0,70.27,48.27
18,39,truck,heavy,4000,16.2,2.59,0.1296,6.479,50.0,secondary,1,50.0,50.0,0.0,0.0,0.0,0.0,50.0,50.0,70.27,48.27
18,80,truck,small,350,0.7,0.09,0.0118,0.588,50.0,secondary,1,50.0,50.0,0.0,0.0,0.0,0.0,50.0,50.0,188.71,28.29
18,80,truck,medium,1000,1.06,0.15,0.0118,0.588,50.0,secondary,1,50.0,50.0,0.0,0.0,0.0,0.0,50.0,50.0,188.71,28.29
18,80,truck,heavy,4000,1.47,0.24,0.0118,0.588,50.0,secondary,1,50.0,50.0,0.0,0.0,0.0,0.0,50.0,50.0,188.71,28.29
19,96,truck,small,350,1.19,0.15,0.0199,0.993,50.0,secondary,1,50.0,50.0,0.0,0.0,0.0,0.0,50.0,50.0,352.57,71.96
19,96,truck,medium,1000,1.79,0.25,0.0199,0.993,50.0,secondary,1,50.0,50.0,0.0,0.0,0.0,0.0,50.0,50.0,352.57,71.96
19,96,truck,heavy,4000,2.48,0.4,0.0199,0.993,50.0,secondary,1,50.0,50.0,0.0,0.0,0.0,0.0,50.0,50.0,352.57,71.96
19,118,truck,small,350,0.59,0.07,0.0099,0.493,50.0,secondary,1,50.0,50.0,0.0,0.0,0.0,0.0,50.0,50.0,148.28,10.58
19,118,truck,medium,1000,0.89,0.12,0.0099,0.493,50.0,secondary,1,50.0,50.0,0.0,0.0,0.0,0.0,50.0,50.0,148.28,10.58
19,118,truck,heavy,4000,1.23,0.2,0.0099,0.493,50.0,secondary,1,50.0,50.0,0.0,0.0,0.0,0.0,50.0,50.0,148.28,10.58
20,21,truck,small,350,0.32,0.04,0.0053,0.263,50.0,service,1,50.0,50.0,0.0,0.0,0.0,0.0,50.0,50.0,745.71,67.58
20,21,truck,medium,1000,0.47,0.07,0.0053,0.263,50.0,service,1,50.0,50.0,0.0,0.0,0.0,0.0,50.0,50.0,745.71,67.58
20,21,truck,heavy,4000,0.66,0.11,0.0053,0.263,50.0,service,1,50.0,50.0,0.0,0.0,0.0,0.0,50.0,50.0,745.71,67.58
21,22,truck,small,350,0.53,0.07,0.0088,0.441,50.0,secondary,1,50.0,50.0,0.0,0.0,0.0,0.0,50.0,50.0,93.21,28.0
21,22,truck,medium,1000,0.79,0.11,0.0088,0.441,50.0,secondary,1,50.0,50.0,0.0,0.0,0.0,0.0,50.0,50.0,93.21,28.0
21,22,truck,heavy,4000,1.1,0.18,0.0088,0.441,50.0,secondary,1,50.0,50.0,0.0,0.0,0.0,0.0,50.0,50.0,93.21,28.0
22,19,truck,small,350,0.72,0.09,0.012,0.599,50.0,secondary,1,50.0,50.0,0.0,0.0,0.0,0.0,50.0,50.0,86.7,10.4
22,19,truck,medium,1000,1.08,0.15,0.012,0.599,50.0,secondary,1,50.0,50.0,0.0,0.0,0.0,0.0,50.0,50.0,86.7,10.4
22,19,truck,heavy,4000,1.5,0.24,0.012,0.599,50.0,secondary,1,50.0,50.0,0.0,0.0,0.0,0.0,50.0,50.0,86.7,10.4
22,96,truck,small,350,0.25,0.03,0.0042,0.209,50.0,secondary,1,50.0,50.0,0.0,0.0,0.0,0.0,50.0,50.0,440.38,16.09
22,96,truck,medium,1000,0.38,0.05,0.0042,0.209,50.0,secondary,1,50.0,50.0,0.0,0.0,0.0,0.0,50.0,50.0,440.38,16.09
22,96,truck,heavy,4000,0.52,0.08,0.0042,0.209,50.0,secondary,1,50.0,50.0,0.0,0.0,0.0,0.0,50.0,50.0,440.38,16.09
23,24,truck,small,350,0.67,0.08,0.0112,0.56,50.0,secondary,1,50.0,50.0,0.0,0.0,0.0,0.0,50.0,50.0,157.21,15.42
23,24,truck,medium,1000,1.01,0.14,0.0112,0.56,50.0,secondary,1,50.0,50.0,0.0,0.0,0.0,0.0,50.0,50.0,157.21,15.42
23,24,truck,heavy,4000,1.4,0.22,0.0112,0.56,50.0,secondary,1,50.0,50.0,0.0,0.0,0.0,0.0,50.0,50.0,157.21,15.42
24,7,truck,small,350,0.63,0.08,0.0105,0.527,50.0,secondary,1,50.0,50.0,0.0,0.0,0.0,0.0,50.0,50.0,270.47,47.16
24,7,truck,medium,1000,0.95,0.13,0.0105,0.527,50.0,secondary,1,50.0,50.0,0.0,0.0,0.0,0.0,50.0,50.0,270.47,47.16
24,7,truck,heavy,4000,1.32,0.21,0.0105,0.527,50.0,secondary,1,50.0,50.0,0.0,0.0,0.0,0.0,50.0,50.0,270.47,47.16
25,8,truck,small,350,4.21,0.53,0.0701,3.505,50.0,secondary,1,50.0,50.0,0.0,0.0,0.0,0.0,50.0,50.0,55.64,12.92
25,8,truck,medium,1000,6.31,0.88,0.0701,3.505,50.0,secondary,1,50.0,50.0,0.0,0.0,0.0,0.0,50.0,50.0,55.64,12.92
25,8,truck,heavy,4000,8.76,1.4,0.0701,3.505,50.0,secondary,1,50.0,50.0,0.0,0.0,0.0,0.0,50.0,50.0,55.64,12.92
25,26,truck,small,350,3.68,0.46,0.0613,3.067,50.0,secondary,1,50.0,50.0,0.0,0.0,0.0,0.0,50.0,50.0,28.85,12.25
25,26,truck,medium,1000,5.52,0.77,0.0613,3.067,50.0,secondary,1,50.0,50.0,0.0,0.0,0.0,0.0,50.0,50.0,28.85,12.25
25,26,truck,heavy,4000,7.67,1.23,0.0613,3.067,50.0,secondary,1,50.0,50.0,0.0,0.0,0.0,0.0,50.0,50.0,28.85,12.25
26,8,truck,small,350,0.53,0.07,0.0088,0.438,50.0,secondary,1,50.0,50.0,0.0,0.0,0.0,0.0,50.0,50.0,253.4,12.92
26,8,truck,medium,1000,0.79,0.11,0.0088,0.438,50.0,secondary,1,50.0,50.0,0.0,0.0,0.0,0.0,50.0,50.0,253.4,12.92
26,8,truck,heavy,4000,1.09,0.18,0.0088,0.438,50.0,secondary,1,50.0,50.0,0.0,0.0,0.0,0.0,50.0,50.0,253.4,12.92
27,10,truck,small,350,0.42,0.05,0.007,0.348,50.0,living_street,1,50.0,50.0,0.0,0.0,0.0,0.0,50.0,50.0,1248.29,91.85
27,10,truck,medium,1000,0.63,0.09,0.007,0.348,50.0,living_street,1,50.0,50.0,0.0,0.0,0.0,0.0,50.0,50.0,1248.29,91.85
27,10,truck,heavy,4000,0.87,0.14,0.007,0.348,50.0,living_street,1,50.0,50.0,0.0,0.0,0.0,0.0,50.0,50.0,1248.29,91.85
28,29,truck,small,350,1.83,0.23,0.0306,1.528,50.0,secondary,1,50.0,50.0,0.0,0.0,0.0,0.0,50.0,50.0,190.76,59.77
28,29,truck,medium,1000,2.75,0.38,0.0306,1.528,50.0,secondary,1,50.0,50.0,0.0,0.0,0.0,0.0,50.0,50.0,190.76,59.77
28,29,truck,heavy,4000,3.82,0.61,0.0306,1.528,50.0,secondary,1,50.0,50.0,0.0,0.0,0.0,0.0,50.0,50.0,190.76,59.77
29,30,truck,small,350,2.13,0.27,0.0355,1.776,50.0,secondary,1,50.0,50.0,0.0,0.0,0.0,0.0,50.0,50.0,34.51,7.61
29,30,truck,medium,1000,3.2,0.44,0.0355,1.776,50.0,secondary,1,50.0,50.0,0.0,0.0,0.0,0.0,50.0,50.0,34.51,7.61
29,30,truck,heavy,4000,4.44,0.71,0.0355,1.776,50.0,secondary,1,50.0,50.0,0.0,0.0,0.0,0.0,50.0,50.0,34.51,7.61
30,12,truck,small,350,5.46,0.68,0.091,4.548,50.0,secondary,1,50.0,50.0,0.0,0.0,0.0,0.0,50.0,50.0,28.46,13.99
30,12,truck,medium,1000,8.19,1.14,0.091,4.548,50.0,secondary,1,50.0,50.0,0.0,0.0,0.0,0.0,50.0,50.0,28.46,13.99
30,12,truck,heavy,4000,11.37,1.82,0.091,4.548,50.0,secondary,1,50.0,50.0,0.0,0.0,0.0,0.0,50.0,50.0,28.46,13.99
30,74,truck,small,350,2.44,0.31,0.0407,2.037,50.0,secondary,1,50.0,50.0,0.0,0.0,0.0,0.0,50.0,50.0,51.5,13.99
30,74,truck,medium,1000,3.67,0.51,0.0407,2.037,50.0,secondary,1,50.0,50.0,0.0,0.0,0.0,0.0,50.0,50.0,51.5,13.99
30,74,truck,heavy,4000,5.09,0.81,0.0407,2.037,50.0,secondary,1,50.0,50.0,0.0,0.0,0.0,0.0,50.0,50.0,51.5,13.99
31,13,truck,small,350,0.94,0.12,0.0157,0.785,50.0,secondary,1,50.0,50.0,0.0,0.0,0.0,0.0,50.0,50.0,138.26,21.04
31,13,truck,medium,1000,1.41,0.2,0.0157,0.785,50.0,secondary,1,50.0,50.0,0.0,0.0,0.0,0.0,50.0,50.0,138.26,21.04
31,13,truck,heavy,4000,1.96,0.31,0.0157,0.785,50.0,secondary,1,50.0,50.0,0.0,0.0,0.0,0.0,50.0,50.0,138.26,21.04
32,14,truck,small,350,0.86,0.11,0.0143,0.713,50.0,secondary,1,50.0,50.0,0.0,0.0,0.0,0.0,50.0,50.0,75.76,6.56
32,14,truck,medium,1000,1.28,0.18,0.0143,0.713,50.0,secondary,1,50.0,50.0,0.0,0.0,0.0,0.0,50.0,50.0,75.76,6.56
32,14,truck,heavy,4000,1.78,0.29,0.0143,0.713,50.0,secondary,1,50.0,50.0,0.0,0.0,0.0,0.0,50.0,50.0,75.76,6.56
33,15,truck,small,350,1.78,0.22,0.0297,1.484,50.0,secondary,1,50.0,50.0,0.0,0.0,0.0,0.0,50.0,50.0,60.48,18.6
33,15,truck,medium,1000,2.67,0.37,0.0297,1.484,50.0,secondary,1,50.0,50.0,0.0,0.0,0.0,0.0,50.0,50.0,60.48,18.6
33,15,truck,heavy,4000,3.71,0.59,0.0297,1.484,50.0,secondary,1,50.0,50.0,0.0,0.0,0.0,0.0,50.0,50.0,60.48,18.6
34,35,truck,small,350,1.03,0.13,0.0171,0.855,50.0,primary,2,50.0,50.0,0.0,0.0,0.0,0.0,50.0,50.0,405.02,44.44
34,35,truck,medium,1000,1.54,0.21,0.0171,0.855,50.0,primary,2,50.0,50.0,0.0,0.0,0.0,0.0,50.0,50.0,405.02,44.44
34,35,truck,heavy,4000,2.14,0.34,0.0171,0.855,50.0,primary,2,50.0,50.0,0.0,0.0,0.0,0.0,50.0,50.0,405.02,44.44
35,36,truck,small,350,3.54,0.44,0.059,2.948,50.0,primary,2,50.0,50.0,0.0,0.0,0.0,0.0,50.0,50.0,14.43,3.8
35,36,truck,medium,1000,5.31,0.74,0.059,2.948,50.0,primary,2,50.0,50.0,0.0,0.0,0.0,0.0,50.0,50.0,14.43,3.8
35,36,truck,heavy,4000,7.37,1.18,0.059,2.948,50.0,primary,2,50.0,50.0,0.0,0.0,0.0,0.0,50.0,50.0,14.43,3.8
36,16,truck,small,350,1.06,0.13,0.0177,0.883,50.0,primary,2,50.0,50.0,0.0,0.0,0.0,0.0,50.0,50.0,69.78,5.04
36,16,truck,medium,1000,1.59,0.22,0.0177,0.883,50.0,primary,2,50.0,50.0,0.0,0.0,0.0,0.0,50.0,50.0,69.78,5.04
36,16,truck,heavy,4000,2.21,0.35,0.0177,0.883,50.0,primary,2,50.0,50.0,0.0,0.0,0.0,0.0,50.0,50.0,69.78,5.04
37,38,truck,small,350,39.0,4.87,0.65,32.498,50.0,motorway,2,50.0,50.0,0.0,0.0,0.0,0.0,50.0,50.0,23.4,137.01
37,38,truck,medium,1000,58.5,8.12,0.65,32.498,50.0,motorway,2,50.0,50.0,0.0,0.0,0.0,0.0,50.0,50.0,23.4,137.01
37,38,truck,heavy,4000,81.24,13.0,0.65,32.498,50.0,motorway,2,50.0,50.0,0.0,0.0,0.0,0.0,50.0,50.0,23.4,137.01
37,78,truck,small,350,13.38,1.67,0.2229,11.147,50.0,motorway,2,50.0,50.0,0.0,0.0,0.0,0.0,50.0,50.0,2.56,2.16
37,78,truck,medium,1000,20.06,2.79,0.2229,11.147,50.0,motorway,2,50.0,50.0,0.0,0.0,0.0,0.0,50.0,50.0,2.56,2.16
37,78,truck,heavy,4000,27.87,4.46,0.2229,11.147,50.0,motorway,2,50.0,50.0,0.0,0.0,0.0,0.0,50.0,50.0,2.56,2.16
38,18,truck,small,350,4.77,0.6,0.0794,3.972,50.0,primary,2,50.0,50.0,0.0,0.0,0.0,0.0,50.0,50.0,163.01,73.13
38,18,truck,medium,1000,7.15,0.99,0.0794,3.972,50.0,primary,2,50.0,50.0,0.0,0.0,0.0,0.0,50.0,50.0,163.01,73.13
38,18,truck,heavy,4000,9.93,1.59,0.0794,3.972,50.0,primary,2,50.0,50.0,0.0,0.0,0.0,0.0,50.0,50.0,163.01,73.13
38,39,truck,small,350,10.79,1.35,0.1798,8.989,50.0,motorway,2,50.0,50.0,0.0,0.0,0.0,0.0,50.0,50.0,48.28,22.81
38,39,truck,medium,1000,16.18,2.25,0.1798,8.989,50.0,motorway,2,50.0,50.0,0.0,0.0,0.0,0.0,50.0,50.0,48.28,22.81
38,39,truck,heavy,4000,22.47,3.6,0.1798,8.989,50.0,motorway,2,50.0,50.0,0.0,0.0,0.0,0.0,50.0,50.0,48.28,22.81
39,40,truck,small,350,8.4,1.05,0.14,6.999,50.0,motorway,2,50.0,50.0,0.0,0.0,0.0,0.0,50.0,50.0,30.19,63.73
39,40,truck,medium,1000,12.6,1.75,0.14,6.999,50.0,motorway,2,50.0,50.0,0.0,0.0,0.0,0.0,50.0,50.0,30.19,63.73
39,40,truck,heavy,4000,17.5,2.8,0.14,6.999,50.0,motorway,2,50.0,50.0,0.0,0.0,0.0,0.0,50.0,50.0,30.19,63.73
40,41,truck,small,350,0.95,0.12,0.0158,0.792,50.0,motorway,2,50.0,50.0,0.0,0.0,0.0,0.0,50.0,50.0,290.89,77.48
40,41,truck,medium,1000,1.43,0.2,0.0158,0.792,50.0,motorway,2,50.0,50.0,0.0,0.0,0.0,0.0,50.0,50.0,290.89,77.48
40,41,truck,heavy,4000,1.98,0.32,0.0158,0.792,50.0,motorway,2,50.0,50.0,0.0,0.0,0.0,0.0,50.0,50.0,290.89,77.48
41,42,truck,small,350,4.79,0.6,0.0798,3.992,50.0,motorway,2,50.0,50.0,0.0,0.0,0.0,0.0,50.0,50.0,35.66,18.89
41,42,truck,medium,1000,7.19,1.0,0.0798,3.992,50.0,motorway,2,50.0,50.0,0.0,0.0,0.0,0.0,50.0,50.0,35.66,18.89
41,42,truck,heavy,4000,9.98,1.6,0.0798,3.992,50.0,motorway,2,50.0,50.0,0.0,0.0,0.0,0.0,50.0,50.0,35.66,18.89
42,43,truck,small,350,0.38,0.05,0.0063,0.315,50.0,primary,2,50.0,50.0,0.0,0.0,0.0,0.0,50.0,50.0,555.79,28.27
42,43,truck,medium,1000,0.57,0.08,0.0063,0.315,50.0,primary,2,50.0,50.0,0.0,0.0,0.0,0.0,50.0,50.0,555.79,28.27
42,43,truck,heavy,4000,0.79,0.13,0.0063,0.315,50.0,primary,2,50.0,50.0,0.0,0.0,0.0,0.0,50.0,50.0,555.79,28.27
43,44,truck,small,350,0.46,0.06,0.0077,0.385,50.0,primary,2,50.0,50.0,0.0,0.0,0.0,0.0,50.0,50.0,558.64,37.01
43,44,truck,medium,1000,0.69,0.1,0.0077,0.385,50.0,primary,2,50.0,50.0,0.0,0.0,0.0,0.0,50.0,50.0,558.64,37.01
43,44,truck,heavy,4000,0.96,0.15,0.0077,0.385,50.0,primary,2,50.0,50.0,0.0,0.0,0.0,0.0,50.0,50.0,558.64,37.01
44,45,truck,small,350,3.04,0.38,0.0507,2.534,50.0,primary,2,50.0,50.0,0.0,0.0,0.0,0.0,50.0,50.0,96.75,33.64
44,45,truck,medium,1000,4.56,0.63,0.0507,2.534,50.0,primary,2,50.0,50.0,0.0,0.0,0.0,0.0,50.0,50.0,96.75,33.64
44,45,truck,heavy,4000,6.33,1.01,0.0507,2.534,50.0,primary,2,50.0,50.0,0.0,0.0,0.0,0.0,50.0,50.0,96.75,33.64
45,46,truck,small,350,1.86,0.23,0.031,1.548,50.0,primary,2,50.0,50.0,0.0,0.0,0.0,0.0,50.0,50.0,36.36,11.04
45,46,truck,medium,1000,2.79,0.39,0.031,1.548,50.0,primary,2,50.0,50.0,0.0,0.0,0.0,0.0,50.0,50.0,36.36,11.04
45,46,truck,heavy,4000,3.87,0.62,0.031,1.548,50.0,primary,2,50.0,50.0,0.0,0.0,0.0,0.0,50.0,50.0,36.36,11.04
46,47,truck,small,350,4.29,0.54,0.0715,3.577,50.0,primary,2,50.0,50.0,0.0,0.0,0.0,0.0,50.0,50.0,39.7,14.31
46,47,truck,medium,1000,6.44,0.89,0.0715,3.577,50.0,primary,2,50.0,50.0,0.0,0.0,0.0,0.0,50.0,50.0,39.7,14.31
46,47,truck,heavy,4000,8.94,1.43,0.0715,3.577,50.0,primary,2,50.0,50.0,0.0,0.0,0.0,0.0,50.0,50.0,39.7,14.31
47,48,truck,small,350,1.49,0.19,0.0248,1.241,50.0,primary,2,50.0,50.0,0.0,0.0,0.0,0.0,50.0,50.0,190.54,42.08
47,48,truck,medium,1000,2.23,0.31,0.0248,1.241,50.0,primary,2,50.0,50.0,0.0,0.0,0.0,0.0,50.0,50.0,190.54,42.08
47,48,truck,heavy,4000,3.1,0.5,0.0248,1.241,50.0,primary,2,50.0,50.0,0.0,0.0,0.0,0.0,50.0,50.0,190.54,42.08
48,49,truck,small,350,2.7,0.34,0.0449,2.246,50.0,primary,2,50.0,50.0,0.0,0.0,0.0,0.0,50.0,50.0,14.47,4.63
48,49,truck,medium,1000,4.04,0.56,0.0449,2.246,50.0,primary,2,50.0,50.0,0.0,0.0,0.0,0.0,50.0,50.0,14.47,4.63
48,49,truck,heavy,4000,5.62,0.9,0.0449,2.246,50.0,primary,2,50.0,50.0,0.0,0.0,0.0,0.0,50.0,50.0,14.47,4.63
49,50,truck,small,350,1.4,0.18,0.0233,1.167,50.0,primary,2,50.0,50.0,0.0,0.0,0.0,0.0,50.0,50.0,41.43,5.94
49,50,truck,medium,1000,2.1,0.29,0.0233,1.167,50.0,primary,2,50.0,50.0,0.0,0.0,0.0,0.0,50.0,50.0,41.43,5.94
49,50,truck,heavy,4000,2.92,0.47,0.0233,1.167,50.0,primary,2,50.0,50.0,0.0,0.0,0.0,0.0,50.0,50.0,41.43,5.94
50,51,truck,small,350,1.12,0.14,0.0186,0.932,50.0,primary,2,50.0,50.0,0.0,0.0,0.0,0.0,50.0,50.0,58.11,9.04
50,51,truck,medium,1000,1.68,0.23,0.0186,0.932,50.0,primary,2,50.0,50.0,0.0,0.0,0.0,0.0,50.0,50.0,58.11,9.04
50,51,truck,heavy,4000,2.33,0.37,0.0186,0.932,50.0,primary,2,50.0,50.0,0.0,0.0,0.0,0.0,50.0,50.0,58.11,9.04
51,52,truck,small,350,0.42,0.05,0.007,0.351,50.0,secondary,1,50.0,50.0,0.0,0.0,0.0,0.0,50.0,50.0,414.53,25.9
51,52,truck,medium,1000,0.63,0.09,0.007,0.351,50.0,secondary,1,50.0,50.0,0.0,0.0,0.0,0.0,50.0,50.0,414.53,25.9
51,52,truck,heavy,4000,0.88,0.14,0.007,0.351,50.0,secondary,1,50.0,50.0,0.0,0.0,0.0,0.0,50.0,50.0,414.53,25.9
52,53,truck,small,350,2.26,0.28,0.0376,1.88,50.0,secondary,1,50.0,50.0,0.0,0.0,0.0,0.0,50.0,50.0,87.76,22.02
52,53,truck,medium,1000,3.38,0.47,0.0376,1.88,50.0,secondary,1,50.0,50.0,0.0,0.0,0.0,0.0,50.0,50.0,87.76,22.02
52,53,truck,heavy,4000,4.7,0.75,0.0376,1.88,50.0,secondary,1,50.0,50.0,0.0,0.0,0.0,0.0,50.0,50.0,87.76,22.02
53,54,truck,small,350,0.86,0.11,0.0144,0.718,50.0,secondary,1,50.0,50.0,0.0,0.0,0.0,0.0,50.0,50.0,60.78,8.15
53,54,truck,medium,1000,1.29,0.18,0.0144,0.718,50.0,secondary,1,50.0,50.0,0.0,0.0,0.0,0.0,50.0,50.0,60.78,8.15
53,54,truck,heavy,4000,1.79,0.29,0.0144,0.718,50.0,secondary,1,50.0,50.0,0.0,0.0,0.0,0.0,50.0,50.0,60.78,8.15
54,55,truck,small,350,0.4,0.05,0.0066,0.332,50.0,primary,2,50.0,50.0,0.0,0.0,0.0,0.0,50.0,50.0,1079.1,74.72
54,55,truck,medium,1000,0.6,0.08,0.0066,0.332,50.0,primary,2,50.0,50.0,0.0,0.0,0.0,0.0,50.0,50.0,1079.1,74.72
54,55,truck,heavy,4000,0.83,0.13,0.0066,0.332,50.0,primary,2,50.0,50.0,0.0,0.0,0.0,0.0,50.0,50.0,1079.1,74.72
55,56,truck,small,350,0.53,0.07,0.0089,0.445,50.0,primary,2,50.0,50.0,0.0,0.0,0.0,0.0,50.0,50.0,737.57,90.95
55,56,truck,medium,1000,0.8,0.11,0.0089,0.445,50.0,primary,2,50.0,50.0,0.0,0.0,0.0,0.0,50.0,50.0,737.57,90.95
55,56,truck,heavy,4000,1.11,0.18,0.0089,0.445,50.0,primary,2,50.0,50.0,0.0,0.0,0.0,0.0,50.0,50.0,737.57,90.95
56,57,truck,small,350,0.52,0.07,0.0087,0.436,50.0,secondary,1,50.0,50.0,0.0,0.0,0.0,0.0,50.0,50.0,538.96,98.76
56,57,truck,medium,1000,0.78,0.11,0.0087,0.436,50.0,secondary,1,50.0,50.0,0.0,0.0,0.0,0.0,50.0,50.0,538.96,98.76
56,57,truck,heavy,4000,1.09,0.17,0.0087,0.436,50.0,secondary,1,50.0,50.0,0.0,0.0,0.0,0.0,50.0,50.0,538.96,98.76
57,58,truck,small,350,1.08,0.14,0.018,0.9,50.0,secondary,1,50.0,50.0,0.0,0.0,0.0,0.0,50.0,50.0,131.77,22.16
57,58,truck,medium,1000,1.62,0.23,0.018,0.9,50.0,secondary,1,50.0,50.0,0.0,0.0,0.0,0.0,50.0,50.0,131.77,22.16
57,58,truck,heavy,4000,2.25,0.36,0.018,0.9,50.0,secondary,1,50.0,50.0,0.0,0.0,0.0,0.0,50.0,50.0,131.77,22.16
58,59,truck,small,350,1.18,0.15,0.0196,0.981,50.0,secondary,1,50.0,50.0,0.0,0.0,0.0,0.0,50.0,50.0,91.7,11.18
58,59,truck,medium,1000,1.77,0.25,0.0196,0.981,50.0,secondary,1,50.0,50.0,0.0,0.0,0.0,0.0,50.0,50.0,91.7,11.18
58,59,truck,heavy,4000,2.45,0.39,0.0196,0.981,50.0,secondary,1,50.0,50.0,0.0,0.0,0.0,0.0,50.0,50.0,91.7,11.18
59,60,truck,small,350,1.68,0.21,0.0279,1.396,50.0,secondary,1,50.0,50.0,0.0,0.0,0.0,0.0,50.0,50.0,278.22,76.0
59,60,truck,medium,1000,2.51,0.35,0.0279,1.396,50.0,secondary,1,50.0,50.0,0.0,0.0,0.0,0.0,50.0,50.0,278.22,76.0
59,60,truck,heavy,4000,3.49,0.56,0.0279,1.396,50.0,secondary,1,50.0,50.0,0.0,0.0,0.0,0.0,50.0,50.0,278.22,76.0
60,61,truck,small,350,0.43,0.05,0.0072,0.36,50.0,residential,1,50.0,50.0,0.0,0.0,0.0,0.0,50.0,50.0,375.05,17.73
60,61,truck,medium,1000,0.65,0.09,0.0072,0.36,50.0,residential,1,50.0,50.0,0.0,0.0,0.0,0.0,50.0,50.0,375.05,17.73
60,61,truck,heavy,4000,0.9,0.14,0.0072,0.36,50.0,residential,1,50.0,50.0,0.0,0.0,0.0,0.0,50.0,50.0,375.05,17.73
61,62,truck,small,350,0.5,0.06,0.0083,0.413,50.0,residential,1,50.0,50.0,0.0,0.0,0.0,0.0,50.0,50.0,655.83,47.34
61,62,truck,medium,1000,0.74,0.1,0.0083,0.413,50.0,residential,1,50.0,50.0,0.0,0.0,0.0,0.0,50.0,50.0,655.83,47.34
61,62,truck,heavy,4000,1.03,0.17,0.0083,0.413,50.0,residential,1,50.0,50.0,0.0,0.0,0.0,0.0,50.0,50.0,655.83,47.34
62,63,truck,small,350,1.23,0.15,0.0206,1.028,50.0,tertiary,1,50.0,50.0,0.0,0.0,0.0,0.0,50.0,50.0,92.81,15.33
62,63,truck,medium,1000,1.85,0.26,0.0206,1.028,50.0,tertiary,1,50.0,50.0,0.0,0.0,0.0,0.0,50.0,50.0,92.81,15.33
62,63,truck,heavy,4000,2.57,0.41,0.0206,1.028,50.0,tertiary,1,50.0,50.0,0.0,0.0,0.0,0.0,50.0,50.0,92.81,15.33
63,64,truck,small,350,0.9,0.11,0.015,0.748,50.0,residential,1,50.0,50.0,0.0,0.0,0.0,0.0,50.0,50.0,160.18,16.01
63,64,truck,medium,1000,1.35,0.19,0.015,0.748,50.0,residential,1,50.0,50.0,0.0,0.0,0.0,0.0,50.0,50.0,160.18,16.01
63,64,truck,heavy,4000,1.87,0.3,0.015,0.748,50.0,residential,1,50.0,50.0,0.0,0.0,0.0,0.0,50.0,50.0,160.18,16.01
64,65,truck,small,350,0.8,0.1,0.0134,0.669,50.0,residential,1,50.0,50.0,0.0,0.0,0.0,0.0,50.0,50.0,179.68,18.19
64,65,truck,medium,1000,1.2,0.17,0.0134,0.669,50.0,residential,1,50.0,50.0,0.0,0.0,0.0,0.0,50.0,50.0,179.68,18.19
64,65,truck,heavy,4000,1.67,0.27,0.0134,0.669,50.0,residential,1,50.0,50.0,0.0,0.0,0.0,0.0,50.0,50.0,179.68,18.19
65,66,truck,small,350,0.44,0.05,0.0073,0.364,50.0,residential,1,50.0,50.0,0.0,0.0,0.0,0.0,50.0,50.0,1078.34,80.65
65,66,truck,medium,1000,0.66,0.09,0.0073,0.364,50.0,residential,1,50.0,50.0,0.0,0.0,0.0,0.0,50.0,50.0,1078.34,80.65
65,66,truck,heavy,4000,0.91,0.15,0.0073,0.364,50.0,residential,1,50.0,50.0,0.0,0.0,0.0,0.0,50.0,50.0,1078.34,80.65
66,67,truck,small,350,1.76,0.22,0.0293,1.466,50.0,residential,1,50.0,50.0,0.0,0.0,0.0,0.0,50.0,50.0,395.76,98.54
66,67,truck,medium,1000,2.64,0.37,0.0293,1.466,50.0,residential,1,50.0,50.0,0.0,0.0,0.0,0.0,50.0,50.0,395.76,98.54
66,67,truck,heavy,4000,3.67,0.59,0.0293,1.466,50.0,residential,1,50.0,50.0,0.0,0.0,0.0,0.0,50.0,50.0,395.76,98.54
67,68,truck,small,350,0.42,0.05,0.007,0.352,50.0,residential,1,50.0,50.0,0.0,0.0,0.0,0.0,50.0,50.0,1588.38,75.92
67,68,truck,medium,1000,0.63,0.09,0.007,0.352,50.0,residential,1,50.0,50.0,0.0,0.0,0.0,0.0,50.0,50.0,1588.38,75.92
67,68,truck,heavy,4000,0.88,0.14,0.007,0.352,50.0,residential,1,50.0,50.0,0.0,0.0,0.0,0.0,50.0,50.0,1588.38,75.92
68,D2,truck,small,350,0.04,0.0,0.0006,0.032,50.0,service,1,50.0,50.0,0.0,0.0,0.0,0.0,50.0,50.0,1204.46,31.29
68,D2,truck,medium,1000,0.06,0.01,0.0006,0.032,50.0,service,1,50.0,50.0,0.0,0.0,0.0,0.0,50.0,50.0,1204.46,31.29
68,D2,truck,heavy,4000,0.08,0.01,0.0006,0.032,50.0,service,1,50.0,50.0,0.0,0.0,0.0,0.0,50.0,50.0,1204.46,31.29
69,70,truck,small,350,4.5,0.56,0.075,3.748,50.0,tertiary,1,50.0,50.0,0.0,0.0,0.0,0.0,50.0,50.0,94.25,84.78
69,70,truck,medium,1000,6.75,0.94,0.075,3.748,50.0,tertiary,1,50.0,50.0,0.0,0.0,0.0,0.0,50.0,50.0,94.25,84.78
69,70,truck,heavy,4000,9.37,1.5,0.075,3.748,50.0,tertiary,1,50.0,50.0,0.0,0.0,0.0,0.0,50.0,50.0,94.25,84.78
70,71,truck,small,350,0.58,0.07,0.0097,0.484,50.0,primary,2,50.0,50.0,0.0,0.0,0.0,0.0,50.0,50.0,155.02,9.77
70,71,truck,medium,1000,0.87,0.12,0.0097,0.484,50.0,primary,2,50.0,50.0,0.0,0.0,0.0,0.0,50.0,50.0,155.02,9.77
70,71,truck,heavy,4000,1.21,0.19,0.0097,0.484,50.0,primary,2,50.0,50.0,0.0,0.0,0.0,0.0,50.0,50.0,155.02,9.77
71,72,truck,small,350,0.74,0.09,0.0124,0.619,50.0,primary,2,50.0,50.0,0.0,0.0,0.0,0.0,50.0,50.0,119.01,13.59
71,72,truck,medium,1000,1.11,0.15,0.0124,0.619,50.0,primary,2,50.0,50.0,0.0,0.0,0.0,0.0,50.0,50.0,119.01,13.59
71,72,truck,heavy,4000,1.55,0.25,0.0124,0.619,50.0,primary,2,50.0,50.0,0.0,0.0,0.0,0.0,50.0,50.0,119.01,13.59
72,7,truck,small,350,1.96,0.24,0.0326,1.632,50.0,primary,2,50.0,50.0,0.0,0.0,0.0,0.0,50.0,50.0,240.92,47.16
72,7,truck,medium,1000,2.94,0.41,0.0326,1.632,50.0,primary,2,50.0,50.0,0.0,0.0,0.0,0.0,50.0,50.0,240.92,47.16
72,7,truck,heavy,4000,4.08,0.65,0.0326,1.632,50.0,primary,2,50.0,50.0,0.0,0.0,0.0,0.0,50.0,50.0,240.92,47.16
72,23,truck,small,350,0.66,0.08,0.0109,0.546,50.0,primary,2,50.0,50.0,0.0,0.0,0.0,0.0,50.0,50.0,298.28,46.29
72,23,truck,medium,1000,0.98,0.14,0.0109,0.546,50.0,primary,2,50.0,50.0,0.0,0.0,0.0,0.0,50.0,50.0,298.28,46.29
72,23,truck,heavy,4000,1.37,0.22,0.0109,0.546,50.0,primary,2,50.0,50.0,0.0,0.0,0.0,0.0,50.0,50.0,298.28,46.29
73,25,truck,small,350,1.96,0.24,0.0326,1.632,50.0,secondary,1,50.0,50.0,0.0,0.0,0.0,0.0,50.0,50.0,64.06,17.78
73,25,truck,medium,1000,2.94,0.41,0.0326,1.632,50.0,secondary,1,50.0,50.0,0.0,0.0,0.0,0.0,50.0,50.0,64.06,17.78
73,25,truck,heavy,4000,4.08,0.65,0.0326,1.632,50.0,secondary,1,50.0,50.0,0.0,0.0,0.0,0.0,50.0,50.0,64.06,17.78
73,26,truck,small,350,5.64,0.7,0.094,4.699,50.0,secondary,1,50.0,50.0,0.0,0.0,0.0,0.0,50.0,50.0,42.76,17.78
73,26,truck,medium,1000,8.46,1.17,0.094,4.699,50.0,secondary,1,50.0,50.0,0.0,0.0,0.0,0.0,50.0,50.0,42.76,17.78
73,26,truck,heavy,4000,11.75,1.88,0.094,4.699,50.0,secondary,1,50.0,50.0,0.0,0.0,0.0,0.0,50.0,50.0,42.76,17.78
74,12,truck,small,350,3.01,0.38,0.0502,2.511,50.0,secondary,1,50.0,50.0,0.0,0.0,0.0,0.0,50.0,50.0,15.09,13.36
74,12,truck,medium,1000,4.52,0.63,0.0502,2.511,50.0,secondary,1,50.0,50.0,0.0,0.0,0.0,0.0,50.0,50.0,15.09,13.36
74,12,truck,heavy,4000,6.28,1.0,0.0502,2.511,50.0,secondary,1,50.0,50.0,0.0,0.0,0.0,0.0,50.0,50.0,15.09,13.36
75,76,truck,small,350,0.61,0.08,0.0101,0.507,50.0,secondary,1,50.0,50.0,0.0,0.0,0.0,0.0,50.0,50.0,110.87,7.88
75,76,truck,medium,1000,0.91,0.13,0.0101,0.507,50.0,secondary,1,50.0,50.0,0.0,0.0,0.0,0.0,50.0,50.0,110.87,7.88
75,76,truck,heavy,4000,1.27,0.2,0.0101,0.507,50.0,secondary,1,50.0,50.0,0.0,0.0,0.0,0.0,50.0,50.0,110.87,7.88
76,14,truck,small,350,1.63,0.2,0.0272,1.358,50.0,secondary,1,50.0,50.0,0.0,0.0,0.0,0.0,50.0,50.0,209.59,13.18
76,14,truck,medium,1000,2.44,0.34,0.0272,1.358,50.0,secondary,1,50.0,50.0,0.0,0.0,0.0,0.0,50.0,50.0,209.59,13.18
76,14,truck,heavy,4000,3.4,0.54,0.0272,1.358,50.0,secondary,1,50.0,50.0,0.0,0.0,0.0,0.0,50.0,50.0,209.59,13.18
76,32,truck,small,350,0.77,0.1,0.0129,0.645,50.0,secondary,1,50.0,50.0,0.0,0.0,0.0,0.0,50.0,50.0,358.19,13.18
76,32,truck,medium,1000,1.16,0.16,0.0129,0.645,50.0,secondary,1,50.0,50.0,0.0,0.0,0.0,0.0,50.0,50.0,358.19,13.18
76,32,truck,heavy,4000,1.61,0.26,0.0129,0.645,50.0,secondary,1,50.0,50.0,0.0,0.0,0.0,0.0,50.0,50.0,358.19,13.18
77,15,truck,small,350,4.89,0.61,0.0816,4.078,50.0,secondary,1,50.0,50.0,0.0,0.0,0.0,0.0,50.0,50.0,146.19,83.67
77,15,truck,medium,1000,7.34,1.02,0.0816,4.078,50.0,secondary,1,50.0,50.0,0.0,0.0,0.0,0.0,50.0,50.0,146.19,83.67
77,15,truck,heavy,4000,10.2,1.63,0.0816,4.078,50.0,secondary,1,50.0,50.0,0.0,0.0,0.0,0.0,50.0,50.0,146.19,83.67
77,33,truck,small,350,3.11,0.39,0.0519,2.594,50.0,secondary,1,50.0,50.0,0.0,0.0,0.0,0.0,50.0,50.0,203.92,83.67
77,33,truck,medium,1000,4.67,0.65,0.0519,2.594,50.0,secondary,1,50.0,50.0,0.0,0.0,0.0,0.0,50.0,50.0,203.92,83.67
77,33,truck,heavy,4000,6.48,1.04,0.0519,2.594,50.0,secondary,1,50.0,50.0,0.0,0.0,0.0,0.0,50.0,50.0,203.92,83.67
78,79,truck,small,350,22.43,2.8,0.3738,18.691,50.0,motorway,2,50.0,50.0,0.0,0.0,0.0,0.0,50.0,50.0,5.91,9.0
78,79,truck,medium,1000,33.64,4.67,0.3738,18.691,50.0,motorway,2,50.0,50.0,0.0,0.0,0.0,0.0,50.0,50.0,5.91,9.0
78,79,truck,heavy,4000,46.73,7.48,0.3738,18.691,50.0,motorway,2,50.0,50.0,0.0,0.0,0.0,0.0,50.0,50.0,5.91,9.0
79,19,truck,small,350,6.75,0.84,0.1125,5.625,50.0,primary,2,50.0,50.0,0.0,0.0,0.0,0.0,50.0,50.0,88.34,26.97
79,19,truck,medium,1000,10.12,1.41,0.1125,5.625,50.0,primary,2,50.0,50.0,0.0,0.0,0.0,0.0,50.0,50.0,88.34,26.97
79,19,truck,heavy,4000,14.06,2.25,0.1125,5.625,50.0,primary,2,50.0,50.0,0.0,0.0,0.0,0.0,50.0,50.0,88.34,26.97
79,38,truck,small,350,3.02,0.38,0.0504,2.52,50.0,motorway,2,50.0,50.0,0.0,0.0,0.0,0.0,50.0,50.0,57.74,6.27
79,38,truck,medium,1000,4.54,0.63,0.0504,2.52,50.0,motorway,2,50.0,50.0,0.0,0.0,0.0,0.0,50.0,50.0,57.74,6.27
79,38,truck,heavy,4000,6.3,1.01,0.0504,2.52,50.0,motorway,2,50.0,50.0,0.0,0.0,0.0,0.0,50.0,50.0,57.74,6.27
80,81,truck,small,350,1.75,0.22,0.0292,1.459,50.0,secondary,1,50.0,50.0,0.0,0.0,0.0,0.0,50.0,50.0,34.86,14.6
80,81,truck,medium,1000,2.63,0.36,0.0292,1.459,50.0,secondary,1,50.0,50.0,0.0,0.0,0.0,0.0,50.0,50.0,34.86,14.6
80,81,truck,heavy,4000,3.65,0.58,0.0292,1.459,50.0,secondary,1,50.0,50.0,0.0,0.0,0.0,0.0,50.0,50.0,34.86,14.6
81,82,truck,small,350,0.56,0.07,0.0094,0.468,50.0,motorway,2,50.0,50.0,0.0,0.0,0.0,0.0,50.0,50.0,186.61,8.48
81,82,truck,medium,1000,0.84,0.12,0.0094,0.468,50.0,motorway,2,50.0,50.0,0.0,0.0,0.0,0.0,50.0,50.0,186.61,8.48
81,82,truck,heavy,4000,1.17,0.19,0.0094,0.468,50.0,motorway,2,50.0,50.0,0.0,0.0,0.0,0.0,50.0,50.0,186.61,8.48
82,83,truck,small,350,3.04,0.38,0.0507,2.537,50.0,motorway,2,50.0,50.0,0.0,0.0,0.0,0.0,50.0,50.0,73.25,35.08
82,83,truck,medium,1000,4.57,0.63,0.0507,2.537,50.0,motorway,2,50.0,50.0,0.0,0.0,0.0,0.0,50.0,50.0,73.25,35.08
82,83,truck,heavy,4000,6.34,1.01,0.0507,2.537,50.0,motorway,2,50.0,50.0,0.0,0.0,0.0,0.0,50.0,50.0,73.25,35.08
83,84,truck,small,350,1.19,0.15,0.0199,0.995,50.0,motorway,2,50.0,50.0,0.0,0.0,0.0,0.0,50.0,50.0,32.39,5.47
83,84,truck,medium,1000,1.79,0.25,0.0199,0.995,50.0,motorway,2,50.0,50.0,0.0,0.0,0.0,0.0,50.0,50.0,32.39,5.47
83,84,truck,heavy,4000,2.49,0.4,0.0199,0.995,50.0,motorway,2,50.0,50.0,0.0,0.0,0.0,0.0,50.0,50.0,32.39,5.47
84,85,truck,small,350,24.57,3.07,0.4094,20.471,50.0,motorway,2,50.0,50.0,0.0,0.0,0.0,0.0,50.0,50.0,4.41,2.78
84,85,truck,medium,1000,36.85,5.12,0.4094,20.471,50.0,motorway,2,50.0,50.0,0.0,0.0,0.0,0.0,50.0,50.0,4.41,2.78
84,85,truck,heavy,4000,51.18,8.19,0.4094,20.471,50.0,motorway,2,50.0,50.0,0.0,0.0,0.0,0.0,50.0,50.0,4.41,2.78
85,86,truck,small,350,25.13,3.14,0.4188,20.942,50.0,motorway,2,50.0,50.0,0.0,0.0,0.0,0.0,50.0,50.0,5.95,5.41
85,86,truck,medium,1000,37.7,5.24,0.4188,20.942,50.0,motorway,2,50.0,50.0,0.0,0.0,0.0,0.0,50.0,50.0,5.95,5.41
85,86,truck,heavy,4000,52.36,8.38,0.4188,20.942,50.0,motorway,2,50.0,50.0,0.0,0.0,0.0,0.0,50.0,50.0,5.95,5.41
86,87,truck,small,350,4.43,0.55,0.0739,3.693,50.0,motorway,2,50.0,50.0,0.0,0.0,0.0,0.0,50.0,50.0,2.97,1.73
86,87,truck,medium,1000,6.65,0.92,0.0739,3.693,50.0,motorway,2,50.0,50.0,0.0,0.0,0.0,0.0,50.0,50.0,2.97,1.73
86,87,truck,heavy,4000,9.23,1.48,0.0739,3.693,50.0,motorway,2,50.0,50.0,0.0,0.0,0.0,0.0,50.0,50.0,2.97,1.73
87,88,truck,small,350,2.26,0.28,0.0377,1.883,50.0,motorway,2,50.0,50.0,0.0,0.0,0.0,0.0,50.0,50.0,34.45,18.11
87,88,truck,medium,1000,3.39,0.47,0.0377,1.883,50.0,motorway,2,50.0,50.0,0.0,0.0,0.0,0.0,50.0,50.0,34.45,18.11
87,88,truck,heavy,4000,4.71,0.75,0.0377,1.883,50.0,motorway,2,50.0,50.0,0.0,0.0,0.0,0.0,50.0,50.0,34.45,18.11
88,89,truck,small,350,0.93,0.12,0.0154,0.771,50.0,motorway,2,50.0,50.0,0.0,0.0,0.0,0.0,50.0,50.0,713.85,101.01
88,89,truck,medium,1000,1.39,0.19,0.0154,0.771,50.0,motorway,2,50.0,50.0,0.0,0.0,0.0,0.0,50.0,50.0,713.85,101.01
88,89,truck,heavy,4000,1.93,0.31,0.0154,0.771,50.0,motorway,2,50.0,50.0,0.0,0.0,0.0,0.0,50.0,50.0,713.85,101.01
89,90,truck,small,350,0.57,0.07,0.0095,0.473,50.0,primary,2,50.0,50.0,0.0,0.0,0.0,0.0,50.0,50.0,242.0,31.22
89,90,truck,medium,1000,0.85,0.12,0.0095,0.473,50.0,primary,2,50.0,50.0,0.0,0.0,0.0,0.0,50.0,50.0,242.0,31.22
89,90,truck,heavy,4000,1.18,0.19,0.0095,0.473,50.0,primary,2,50.0,50.0,0.0,0.0,0.0,0.0,50.0,50.0,242.0,31.22
90,91,truck,small,350,0.54,0.07,0.009,0.451,50.0,primary,2,50.0,50.0,0.0,0.0,0.0,0.0,50.0,50.0,42.54,8.07
90,91,truck,medium,1000,0.81,0.11,0.009,0.451,50.0,primary,2,50.0,50.0,0.0,0.0,0.0,0.0,50.0,50.0,42.54,8.07
90,91,truck,heavy,4000,1.13,0.18,0.009,0.451,50.0,primary,2,50.0,50.0,0.0,0.0,0.0,0.0,50.0,50.0,42.54,8.07
91,92,truck,small,350,0.41,0.05,0.0068,0.338,50.0,tertiary,1,50.0,50.0,0.0,0.0,0.0,0.0,50.0,50.0,281.5,22.21
91,92,truck,medium,1000,0.61,0.08,0.0068,0.338,50.0,tertiary,1,50.0,50.0,0.0,0.0,0.0,0.0,50.0,50.0,281.5,22.21
91,92,truck,heavy,4000,0.85,0.14,0.0068,0.338,50.0,tertiary,1,50.0,50.0,0.0,0.0,0.0,0.0,50.0,50.0,281.5,22.21
92,93,truck,small,350,1.26,0.16,0.0211,1.053,50.0,tertiary,1,50.0,50.0,0.0,0.0,0.0,0.0,50.0,50.0,372.38,89.23
92,93,truck,medium,1000,1.9,0.26,0.0211,1.053,50.0,tertiary,1,50.0,50.0,0.0,0.0,0.0,0.0,50.0,50.0,372.38,89.23
92,93,truck,heavy,4000,2.63,0.42,0.0211,1.053,50.0,tertiary,1,50.0,50.0,0.0,0.0,0.0,0.0,50.0,50.0,372.38,89.23
93,94,truck,small,350,0.73,0.09,0.0121,0.607,50.0,residential,1,50.0,50.0,0.0,0.0,0.0,0.0,50.0,50.0,463.19,94.02
93,94,truck,medium,1000,1.09,0.15,0.0121,0.607,50.0,residential,1,50.0,50.0,0.0,0.0,0.0,0.0,50.0,50.0,463.19,94.02
93,94,truck,heavy,4000,1.52,0.24,0.0121,0.607,50.0,residential,1,50.0,50.0,0.0,0.0,0.0,0.0,50.0,50.0,463.19,94.02
94,95,truck,small,350,0.35,0.04,0.0059,0.295,50.0,residential,1,50.0,50.0,0.0,0.0,0.0,0.0,50.0,50.0,1028.22,100.32
94,95,truck,medium,1000,0.53,0.07,0.0059,0.295,50.0,residential,1,50.0,50.0,0.0,0.0,0.0,0.0,50.0,50.0,1028.22,100.32
94,95,truck,heavy,4000,0.74,0.12,0.0059,0.295,50.0,residential,1,50.0,50.0,0.0,0.0,0.0,0.0,50.0,50.0,1028.22,100.32
95,D3,truck,small,350,0.28,0.03,0.0047,0.233,50.0,tertiary,1,50.0,50.0,0.0,0.0,0.0,0.0,50.0,50.0,1163.28,116.24
95,D3,truck,medium,1000,0.42,0.06,0.0047,0.233,50.0,tertiary,1,50.0,50.0,0.0,0.0,0.0,0.0,50.0,50.0,1163.28,116.24
95,D3,truck,heavy,4000,0.58,0.09,0.0047,0.233,50.0,tertiary,1,50.0,50.0,0.0,0.0,0.0,0.0,50.0,50.0,1163.28,116.24
96,97,truck,small,350,3.23,0.4,0.0538,2.69,50.0,residential,1,50.0,50.0,0.0,0.0,0.0,0.0,50.0,50.0,131.07,101.47
96,97,truck,medium,1000,4.84,0.67,0.0538,2.69,50.0,residential,1,50.0,50.0,0.0,0.0,0.0,0.0,50.0,50.0,131.07,101.47
96,97,truck,heavy,4000,6.72,1.08,0.0538,2.69,50.0,residential,1,50.0,50.0,0.0,0.0,0.0,0.0,50.0,50.0,131.07,101.47
97,98,truck,small,350,4.61,0.58,0.0768,3.842,50.0,service,1,50.0,50.0,0.0,0.0,0.0,0.0,50.0,50.0,167.84,80.27
97,98,truck,medium,1000,6.92,0.96,0.0768,3.842,50.0,service,1,50.0,50.0,0.0,0.0,0.0,0.0,50.0,50.0,167.84,80.27
97,98,truck,heavy,4000,9.61,1.54,0.0768,3.842,50.0,service,1,50.0,50.0,0.0,0.0,0.0,0.0,50.0,50.0,167.84,80.27
98,99,truck,small,350,27.36,3.42,0.4559,22.797,50.0,trunk,2,50.0,50.0,0.0,0.0,0.0,0.0,50.0,50.0,9.1,20.03
98,99,truck,medium,1000,41.03,5.7,0.4559,22.797,50.0,trunk,2,50.0,50.0,0.0,0.0,0.0,0.0,50.0,50.0,9.1,20.03
98,99,truck,heavy,4000,56.99,9.12,0.4559,22.797,50.0,trunk,2,50.0,50.0,0.0,0.0,0.0,0.0,50.0,50.0,9.1,20.03
99,100,truck,small,350,17.5,2.19,0.2917,14.587,50.0,motorway,2,50.0,50.0,0.0,0.0,0.0,0.0,50.0,50.0,27.84,143.64
99,100,truck,medium,1000,26.26,3.65,0.2917,14.587,50.0,motorway,2,50.0,50.0,0.0,0.0,0.0,0.0,50.0,50.0,27.84,143.64
99,100,truck,heavy,4000,36.47,5.83,0.2917,14.587,50.0,motorway,2,50.0,50.0,0.0,0.0,0.0,0.0,50.0,50.0,27.84,143.64
100,101,truck,small,350,3.98,0.5,0.0663,3.315,50.0,motorway,2,50.0,50.0,0.0,0.0,0.0,0.0,50.0,50.0,7.13,4.08
100,101,truck,medium,1000,5.97,0.83,0.0663,3.315,50.0,motorway,2,50.0,50.0,0.0,0.0,0.0,0.0,50.0,50.0,7.13,4.08
100,101,truck,heavy,4000,8.29,1.33,0.0663,3.315,50.0,motorway,2,50.0,50.0,0.0,0.0,0.0,0.0,50.0,50.0,7.13,4.08
101,102,truck,small,350,3.05,0.38,0.0509,2.544,50.0,residential,1,50.0,50.0,0.0,0.0,0.0,0.0,50.0,50.0,107.74,128.85
101,102,truck,medium,1000,4.58,0.64,0.0509,2.544,50.0,residential,1,50.0,50.0,0.0,0.0,0.0,0.0,50.0,50.0,107.74,128.85
101,102,truck,heavy,4000,6.36,1.02,0.0509,2.544,50.0,residential,1,50.0,50.0,0.0,0.0,0.0,0.0,50.0,50.0,107.74,128.85
102,103,truck,small,350,2.61,0.33,0.0434,2.172,50.0,residential,1,50.0,50.0,0.0,0.0,0.0,0.0,50.0,50.0,148.94,16.97
102,103,truck,medium,1000,3.91,0.54,0.0434,2.172,50.0,residential,1,50.0,50.0,0.0,0.0,0.0,0.0,50.0,50.0,148.94,16.97
102,103,truck,heavy,4000,5.43,0.87,0.0434,2.172,50.0,residential,1,50.0,50.0,0.0,0.0,0.0,0.0,50.0,50.0,148.94,16.97
103,104,truck,small,350,0.32,0.04,0.0053,0.264,50.0,residential,1,50.0,50.0,0.0,0.0,0.0,0.0,50.0,50.0,2166.4,70.43
103,104,truck,medium,1000,0.48,0.07,0.0053,0.264,50.0,residential,1,50.0,50.0,0.0,0.0,0.0,0.0,50.0,50.0,2166.4,70.43
103,104,truck,heavy,4000,0.66,0.11,0.0053,0.264,50.0,residential,1,50.0,50.0,0.0,0.0,0.0,0.0,50.0,50.0,2166.4,70.43
104,105,truck,small,350,5.96,0.74,0.0993,4.964,50.0,tertiary,1,50.0,50.0,0.0,0.0,0.0,0.0,50.0,50.0,148.34,88.7
104,105,truck,medium,1000,8.94,1.24,0.0993,4.964,50.0,tertiary,1,50.0,50.0,0.0,0.0,0.0,0.0,50.0,50.0,148.34,88.7
104,105,truck,heavy,4000,12.41,1.99,0.0993,4.964,50.0,tertiary,1,50.0,50.0,0.0,0.0,0.0,0.0,50.0,50.0,148.34,88.7
105,106,truck,small,350,3.5,0.44,0.0583,2.914,50.0,tertiary,1,50.0,50.0,0.0,0.0,0.0,0.0,50.0,50.0,52.48,77.62
105,106,truck,medium,1000,5.25,0.73,0.0583,2.914,50.0,tertiary,1,50.0,50.0,0.0,0.0,0.0,0.0,50.0,50.0,52.48,77.62
105,106,truck,heavy,4000,7.29,1.17,0.0583,2.914,50.0,tertiary,1,50.0,50.0,0.0,0.0,0.0,0.0,50.0,50.0,52.48,77.62
106,107,truck,small,350,1.27,0.16,0.0212,1.06,50.0,tertiary,1,50.0,50.0,0.0,0.0,0.0,0.0,50.0,50.0,62.78,15.15
106,107,truck,medium,1000,1.91,0.27,0.0212,1.06,50.0,tertiary,1,50.0,50.0,0.0,0.0,0.0,0.0,50.0,50.0,62.78,15.15
106,107,truck,heavy,4000,2.65,0.42,0.0212,1.06,50.0,tertiary,1,50.0,50.0,0.0,0.0,0.0,0.0,50.0,50.0,62.78,15.15
107,108,truck,small,350,1.9,0.24,0.0317,1.587,50.0,tertiary,1,50.0,50.0,0.0,0.0,0.0,0.0,50.0,50.0,167.09,76.16
107,108,truck,medium,1000,2.86,0.4,0.0317,1.587,50.0,tertiary,1,50.0,50.0,0.0,0.0,0.0,0.0,50.0,50.0,167.09,76.16
107,108,truck,heavy,4000,3.97,0.63,0.0317,1.587,50.0,tertiary,1,50.0,50.0,0.0,0.0,0.0,0.0,50.0,50.0,167.09,76.16
108,109,truck,small,350,2.09,0.26,0.0348,1.738,50.0,primary,2,50.0,50.0,0.0,0.0,0.0,0.0,50.0,50.0,101.2,42.1
108,109,truck,medium,1000,3.13,0.43,0.0348,1.738,50.0,primary,2,50.0,50.0,0.0,0.0,0.0,0.0,50.0,50.0,101.2,42.1
108,109,truck,heavy,4000,4.34,0.7,0.0348,1.738,50.0,primary,2,50.0,50.0,0.0,0.0,0.0,0.0,50.0,50.0,101.2,42.1
109,110,truck,small,350,7.04,0.88,0.1174,5.868,50.0,primary,2,50.0,50.0,0.0,0.0,0.0,0.0,50.0,50.0,21.82,20.97
109,110,truck,medium,1000,10.56,1.47,0.1174,5.868,50.0,primary,2,50.0,50.0,0.0,0.0,0.0,0.0,50.0,50.0,21.82,20.97
109,110,truck,heavy,4000,14.67,2.35,0.1174,5.868,50.0,primary,2,50.0,50.0,0.0,0.0,0.0,0.0,50.0,50.0,21.82,20.97
110,111,truck,small,350,0.63,0.08,0.0105,0.526,50.0,primary,2,50.0,50.0,0.0,0.0,0.0,0.0,50.0,50.0,547.98,53.37
110,111,truck,medium,1000,0.95,0.13,0.0105,0.526,50.0,primary,2,50.0,50.0,0.0,0.0,0.0,0.0,50.0,50.0,547.98,53.37
110,111,truck,heavy,4000,1.31,0.21,0.0105,0.526,50.0,primary,2,50.0,50.0,0.0,0.0,0.0,0.0,50.0,50.0,547.98,53.37
111,112,truck,small,350,10.13,1.27,0.1689,8.445,50.0,primary,2,50.0,50.0,0.0,0.0,0.0,0.0,50.0,50.0,42.67,51.73
111,112,truck,medium,1000,15.2,2.11,0.1689,8.445,50.0,primary,2,50.0,50.0,0.0,0.0,0.0,0.0,50.0,50.0,42.67,51.73
111,112,truck,heavy,4000,21.11,3.38,0.1689,8.445,50.0,primary,2,50.0,50.0,0.0,0.0,0.0,0.0,50.0,50.0,42.67,51.73
112,113,truck,small,350,1.13,0.14,0.0188,0.938,50.0,primary,2,50.0,50.0,0.0,0.0,0.0,0.0,50.0,50.0,157.59,57.17
112,113,truck,medium,1000,1.69,0.23,0.0188,0.938,50.0,primary,2,50.0,50.0,0.0,0.0,0.0,0.0,50.0,50.0,157.59,57.17
112,113,truck,heavy,4000,2.34,0.38,0.0188,0.938,50.0,primary,2,50.0,50.0,0.0,0.0,0.0,0.0,50.0,50.0,157.59,57.17
113,114,truck,small,350,4.68,0.58,0.0779,3.896,50.0,primary,2,50.0,50.0,0.0,0.0,0.0,0.0,50.0,50.0,62.81,53.87
113,114,truck,medium,1000,7.01,0.97,0.0779,3.896,50.0,primary,2,50.0,50.0,0.0,0.0,0.0,0.0,50.0,50.0,62.81,53.87
113,114,truck,heavy,4000,9.74,1.56,0.0779,3.896,50.0,primary,2,50.0,50.0,0.0,0.0,0.0,0.0,50.0,50.0,62.81,53.87
114,115,truck,small,350,1.6,0.2,0.0266,1.331,50.0,residential,1,50.0,50.0,0.0,0.0,0.0,0.0,50.0,50.0,178.41,79.73
114,115,truck,medium,1000,2.4,0.33,0.0266,1.331,50.0,residential,1,50.0,50.0,0.0,0.0,0.0,0.0,50.0,50.0,178.41,79.73
114,115,truck,heavy,4000,3.33,0.53,0.0266,1.331,50.0,residential,1,50.0,50.0,0.0,0.0,0.0,0.0,50.0,50.0,178.41,79.73
115,116,truck,small,350,0.67,0.08,0.0111,0.557,50.0,residential,1,50.0,50.0,0.0,0.0,0.0,0.0,50.0,50.0,222.26,18.42
115,116,truck,medium,1000,1.0,0.14,0.0111,0.557,50.0,residential,1,50.0,50.0,0.0,0.0,0.0,0.0,50.0,50.0,222.26,18.42
115,116,truck,heavy,4000,1.39,0.22,0.0111,0.557,50.0,residential,1,50.0,50.0,0.0,0.0,0.0,0.0,50.0,50.0,222.26,18.42
116,117,truck,small,350,0.51,0.06,0.0086,0.428,50.0,residential,1,50.0,50.0,0.0,0.0,0.0,0.0,50.0,50.0,278.53,25.73
116,117,truck,medium,1000,0.77,0.11,0.0086,0.428,50.0,residential,1,50.0,50.0,0.0,0.0,0.0,0.0,50.0,50.0,278.53,25.73
116,117,truck,heavy,4000,1.07,0.17,0.0086,0.428,50.0,residential,1,50.0,50.0,0.0,0.0,0.0,0.0,50.0,50.0,278.53,25.73
117,D4,truck,small,350,0.39,0.05,0.0065,0.327,50.0,residential,1,50.0,50.0,0.0,0.0,0.0,0.0,50.0,50.0,1060.32,94.12
117,D4,truck,medium,1000,0.59,0.08,0.0065,0.327,50.0,residential,1,50.0,50.0,0.0,0.0,0.0,0.0,50.0,50.0,1060.32,94.12
117,D4,truck,heavy,4000,0.82,0.13,0.0065,0.327,50.0,residential,1,50.0,50.0,0.0,0.0,0.0,0.0,50.0,50.0,1060.32,94.12
118,18,truck,small,350,0.68,0.09,0.0114,0.569,50.0,secondary,1,50.0,50.0,0.0,0.0,0.0,0.0,50.0,50.0,90.04,9.28
118,18,truck,medium,1000,1.02,0.14,0.0114,0.569,50.0,secondary,1,50.0,50.0,0.0,0.0,0.0,0.0,50.0,50.0,90.04,9.28
118,18,truck,heavy,4000,1.42,0.23,0.0114,0.569,50.0,secondary,1,50.0,50.0,0.0,0.0,0.0,0.0,50.0,50.0,90.04,9.28
